modelo,v8s_800_over1x_colab_450imgs,v8s_800_over1x_colab_450imgs,v8s_800_over1x_colab_450imgs,v8s_800_over1x_colab_450imgs,v8s_800_over1x_colab_450imgs,v8s_800_over1x_colab_450imgs,v8s_800_over1x_colab_450imgs,v8s_800_over1x_colab_450imgs,v8s_800_over1x_colab_450imgs,v8s_800_over1x_colab_450imgs,v8s_800_over1x_colab_450imgs,v8s_800_over1x_colab_450imgs,v8s_800_over1x_colab_450imgs,v8s_800_over1x_colab_450imgs,v8s_800_over1x_colab_450imgs,v8s_800_over1x_colab_450imgs,v8s_800_over1x_colab_450imgs,v8s_800_over1x_colab_450imgs,v8s_800_over1x_colab_450imgs,v8s_800_over1x_colab_450imgs,v8s_800_over1x_colab_450imgs,v8s_800_over3x_colab_450imgs,v8s_800_over3x_colab_450imgs,v8s_800_over3x_colab_450imgs,v8s_800_over3x_colab_450imgs,v8s_800_over3x_colab_450imgs,v8s_800_over3x_colab_450imgs,v8s_800_over3x_colab_450imgs,v8s_800_over3x_colab_450imgs,v8s_800_over3x_colab_450imgs,v8s_800_over3x_colab_450imgs,v8s_800_over3x_colab_450imgs,v8s_800_over3x_colab_450imgs,v8s_800_over3x_colab_450imgs,v8s_800_over3x_colab_450imgs,v8s_800_over3x_colab_450imgs,v8s_800_over3x_colab_450imgs,v8s_800_over3x_colab_450imgs,v8s_800_over3x_colab_450imgs,v8s_800_over3x_colab_450imgs,v8s_800_over3x_colab_450imgs,v8s_800_over3x_colab_450imgs,yolo8s_800_1x_local_seed18,yolo8s_800_1x_local_seed18,yolo8s_800_1x_local_seed18,yolo8s_800_1x_local_seed18,yolo8s_800_1x_local_seed18,yolo8s_800_1x_local_seed18,yolo8s_800_1x_local_seed18,yolo8s_800_1x_local_seed18,yolo8s_800_1x_local_seed18,yolo8s_800_1x_local_seed18,yolo8s_800_1x_local_seed18,yolo8s_800_1x_local_seed18,yolo8s_800_1x_local_seed18,yolo8s_800_1x_local_seed18,yolo8s_800_1x_local_seed18,yolo8s_800_1x_local_seed18,yolo8s_800_1x_local_seed18,yolo8s_800_1x_local_seed18,yolo8s_800_1x_local_seed18,yolo8s_800_1x_local_seed18,yolo8s_800_1x_local_seed18
clase,columna,columna,columna,viga,viga,viga,sobrecimiento,sobrecimiento,sobrecimiento,muro_kk,muro_kk,muro_kk,muro_pandereta,muro_pandereta,muro_pandereta,muro_revestido,muro_revestido,muro_revestido,muro_adobe,muro_adobe,muro_adobe,columna,columna,columna,viga,viga,viga,sobrecimiento,sobrecimiento,sobrecimiento,muro_kk,muro_kk,muro_kk,muro_pandereta,muro_pandereta,muro_pandereta,muro_revestido,muro_revestido,muro_revestido,muro_adobe,muro_adobe,muro_adobe,columna,columna,columna,viga,viga,viga,sobrecimiento,sobrecimiento,sobrecimiento,muro_kk,muro_kk,muro_kk,muro_pandereta,muro_pandereta,muro_pandereta,muro_revestido,muro_revestido,muro_revestido,muro_adobe,muro_adobe,muro_adobe
métrica,real,pred,diff,real,pred,diff,real,pred,diff,real,pred,diff,real,pred,diff,real,pred,diff,real,pred,diff,real,pred,diff,real,pred,diff,real,pred,diff,real,pred,diff,real,pred,diff,real,pred,diff,real,pred,diff,real,pred,diff,real,pred,diff,real,pred,diff,real,pred,diff,real,pred,diff,real,pred,diff,real,pred,diff
imagen,,,,,,,,,,,,,,,,,,,,,,,,,,,,,,,,,,,,,,,,,,,,,,,,,,,,,,,,,,,,,,,
img_0004.jpg,26,26,0,15,21,6,0,0,0,31,39,8,6,9,3,4,9,5,0,0,0,26,23,-3,15,21,6,0,0,0,31,37,6,6,6,0,4,11,7,0,0,0,26,27,1,15,16,1,0,0,0,31,37,6,6,13,7,4,9,5,0,0,0
img_0063.jpg,33,42,9,10,9,-1,0,0,0,5,10,5,36,45,9,3,2,-1,0,1,1,33,41,8,10,9,-1,0,0,0,5,5,0,36,39,3,3,5,2,0,0,0,33,50,17,10,14,4,0,0,0,5,50,45,36,20,-16,3,5,2,0,0,0
img_0065.jpg,19,17,-2,6,5,-1,0,0,0,18,21,3,0,0,0,1,1,0,0,0,0,19,17,-2,6,12,6,0,0,0,18,21,3,0,0,0,1,1,0,0,0,0,19,17,-2,6,5,-1,0,2,2,18,21,3,0,0,0,1,3,2,0,0,0
img_0090.jpg,1,2,1,2,2,0,0,0,0,0,1,1,2,2,0,3,2,-1,0,0,0,1,1,0,2,2,0,0,0,0,0,1,1,2,2,0,3,4,1,0,0,0,1,3,2,2,3,1,0,1,1,0,3,3,2,2,0,3,6,3,0,0,0
img_0093.jpg,28,29,1,3,3,0,3,6,3,8,6,-2,24,30,6,1,1,0,0,0,0,28,28,0,3,4,1,3,3,0,8,8,0,24,26,2,1,1,0,0,0,0,28,24,-4,3,3,0,3,5,2,8,26,18,24,3,-21,1,0,-1,0,0,0
img_0096.jpg,27,29,2,7,8,1,3,6,3,18,18,0,19,23,4,2,2,0,0,0,0,27,27,0,7,9,2,3,7,4,18,21,3,19,18,-1,2,2,0,0,0,0,27,28,1,7,5,-2,3,5,2,18,19,1,19,23,4,2,2,0,0,0,0
img_0097.jpg,21,28,7,7,18,11,0,0,0,38,50,12,0,0,0,2,2,0,0,0,0,21,27,6,7,13,6,0,0,0,38,45,7,0,1,1,2,2,0,0,0,0,21,32,11,7,14,7,0,2,2,38,51,13,0,4,4,2,2,0,0,0,0
img_0104.jpg,17,17,0,3,4,1,0,0,0,17,17,0,0,0,0,0,1,1,0,0,0,17,17,0,3,3,0,0,0,0,17,17,0,0,0,0,0,1,1,0,0,0,17,18,1,3,5,2,0,0,0,17,17,0,0,0,0,0,0,0,0,0,0
img_0105.jpg,9,9,0,4,4,0,2,3,1,12,12,0,0,0,0,0,0,0,0,0,0,9,9,0,4,6,2,2,4,2,12,12,0,0,0,0,0,0,0,0,0,0,9,9,0,4,4,0,2,5,3,12,12,0,0,0,0,0,0,0,0,0,0
img_0106.jpg,14,16,2,5,6,1,7,5,-2,17,24,7,0,0,0,2,2,0,0,0,0,14,15,1,5,5,0,7,7,0,17,17,0,0,0,0,2,2,0,0,0,0,14,16,2,5,5,0,7,2,-5,17,21,4,0,0,0,2,0,-2,0,0,0
img_0107.jpg,7,7,0,12,12,0,0,0,0,3,8,5,14,15,1,0,3,3,0,0,0,7,10,3,12,18,6,0,0,0,3,4,1,14,15,1,0,0,0,0,0,0,7,9,2,12,12,0,0,2,2,3,11,8,14,7,-7,0,7,7,0,0,0
img_0114.jpg,3,5,2,5,4,-1,0,3,3,5,7,2,4,4,0,4,3,-1,0,1,1,3,5,2,5,4,-1,0,3,3,5,6,1,4,4,0,4,4,0,0,0,0,3,5,2,5,2,-3,0,3,3,5,7,2,4,3,-1,4,4,0,0,0,0
img_0124.jpg,10,10,0,1,2,1,1,2,1,12,12,0,0,0,0,0,0,0,0,0,0,10,10,0,1,4,3,1,2,1,12,12,0,0,0,0,0,0,0,0,0,0,10,10,0,1,4,3,1,3,2,12,12,0,0,0,0,0,0,0,0,0,0
img_0125.jpg,6,7,1,5,5,0,0,1,1,4,9,5,6,8,2,2,4,2,0,0,0,6,7,1,5,5,0,0,1,1,4,4,0,6,8,2,2,2,0,0,0,0,6,13,7,5,5,0,0,1,1,4,12,8,6,3,-3,2,4,2,0,0,0
img_0126.jpg,3,5,2,1,2,1,3,4,1,5,5,0,4,5,1,4,4,0,0,0,0,3,4,1,1,2,1,3,3,0,5,5,0,4,4,0,4,4,0,0,0,0,3,7,4,1,2,1,3,1,-2,5,9,4,4,3,-1,4,3,-1,0,0,0
img_0133.jpg,7,7,0,3,2,-1,0,0,0,3,3,0,3,3,0,1,2,1,0,0,0,7,8,1,3,2,-1,0,2,2,3,3,0,3,3,0,1,1,0,0,0,0,7,5,-2,3,3,0,0,1,1,3,3,0,3,3,0,1,2,1,0,0,0
img_0139.jpg,33,46,13,8,15,7,0,0,0,35,47,12,2,3,1,4,10,6,0,0,0,33,38,5,8,19,11,0,0,0,35,43,8,2,9,7,4,6,2,0,1,1,33,47,14,8,16,8,0,0,0,35,45,10,2,4,2,4,8,4,0,0,0
img_0155.jpg,15,14,-1,6,5,-1,4,6,2,17,20,3,0,0,0,1,0,-1,0,0,0,15,16,1,6,8,2,4,4,0,17,20,3,0,0,0,1,1,0,0,0,0,15,13,-2,6,7,1,4,4,0,17,20,3,0,0,0,1,0,-1,0,0,0
img_0157.jpg,12,29,17,9,8,-1,3,3,0,20,21,1,0,0,0,2,1,-1,0,0,0,12,16,4,9,11,2,3,3,0,20,22,2,0,0,0,2,1,-1,0,0,0,12,22,10,9,7,-2,3,5,2,20,27,7,0,0,0,2,1,-1,0,0,0
img_0170.jpg,7,8,1,4,4,0,3,3,0,7,3,-4,4,3,-1,9,6,-3,0,0,0,7,9,2,4,6,2,3,3,0,7,9,2,4,2,-2,9,6,-3,0,0,0,7,8,1,4,3,-1,3,3,0,7,7,0,4,2,-2,9,7,-2,0,0,0
img_0175.jpg,14,20,6,4,5,1,0,0,0,10,12,2,13,13,0,7,7,0,0,0,0,14,17,3,4,4,0,0,0,0,10,9,-1,13,13,0,7,7,0,0,0,0,14,20,6,4,3,-1,0,1,1,10,20,10,13,3,-10,7,3,-4,0,0,0
img_0179.jpg,7,7,0,0,0,0,8,10,2,8,8,0,0,0,0,0,0,0,0,0,0,7,7,0,0,0,0,8,9,1,8,8,0,0,0,0,0,0,0,0,0,0,7,7,0,0,0,0,8,10,2,8,8,0,0,0,0,0,1,1,0,0,0
img_0191.jpg,20,20,0,4,3,-1,4,5,1,18,17,-1,0,0,0,0,1,1,0,0,0,20,20,0,4,5,1,4,4,0,18,19,1,0,0,0,0,0,0,0,0,0,20,19,-1,4,3,-1,4,4,0,18,17,-1,0,0,0,0,1,1,0,0,0
img_0211.jpg,44,45,1,16,17,1,4,6,2,52,55,3,0,0,0,5,7,2,0,0,0,44,55,11,16,17,1,4,6,2,52,55,3,0,0,0,5,5,0,0,0,0,44,46,2,16,17,1,4,5,1,52,55,3,0,7,7,5,7,2,0,0,0
img_0234.jpg,39,42,3,11,10,-1,0,1,1,38,44,6,5,7,2,1,7,6,0,0,0,39,41,2,11,16,5,0,1,1,38,39,1,5,7,2,1,5,4,0,0,0,39,44,5,11,10,-1,0,0,0,38,42,4,5,3,-2,1,2,1,0,0,0
img_0239.jpg,23,24,1,5,11,6,8,7,-1,28,35,7,2,0,-2,1,1,0,0,0,0,23,24,1,5,6,1,8,9,1,28,31,3,2,2,0,1,3,2,0,0,0,23,25,2,5,7,2,8,6,-2,28,33,5,2,0,-2,1,1,0,0,0,0
img_0250.jpg,43,51,8,12,8,-4,2,2,0,50,60,10,11,9,-2,6,11,5,0,0,0,43,47,4,12,14,2,2,1,-1,50,51,1,11,12,1,6,6,0,0,0,0,43,51,8,12,7,-5,2,2,0,50,54,4,11,6,-5,6,10,4,0,0,0
img_0255.jpg,9,7,-2,1,3,2,1,1,0,8,8,0,0,0,0,3,1,-2,0,0,0,9,7,-2,1,2,1,1,1,0,8,8,0,0,0,0,3,2,-1,0,0,0,9,7,-2,1,2,1,1,5,4,8,7,-1,0,0,0,3,1,-2,0,0,0
img_0257.jpg,34,33,-1,6,6,0,7,8,1,38,39,1,0,1,1,3,3,0,0,0,0,34,34,0,6,9,3,7,8,1,38,38,0,0,0,0,3,3,0,0,0,0,34,32,-2,6,5,-1,7,7,0,38,38,0,0,4,4,3,2,-1,0,0,0
img_0264.jpg,16,21,5,5,5,0,7,7,0,18,20,2,0,0,0,5,7,2,0,0,0,16,20,4,5,6,1,7,7,0,18,20,2,0,1,1,5,9,4,0,0,0,16,21,5,5,7,2,7,4,-3,18,19,1,0,0,0,5,4,-1,0,0,0
img_0272.jpg,6,7,1,2,2,0,1,5,4,5,5,0,0,0,0,4,4,0,0,0,0,6,6,0,2,2,0,1,2,1,5,5,0,0,0,0,4,4,0,0,0,0,6,7,1,2,5,3,1,5,4,5,5,0,0,0,0,4,4,0,0,0,0
img_0301.jpg,3,9,6,18,14,-4,6,3,-3,27,29,2,0,1,1,2,3,1,0,0,0,3,9,6,18,22,4,6,6,0,27,33,6,0,0,0,2,2,0,0,0,0,3,9,6,18,10,-8,6,2,-4,27,11,-16,0,4,4,2,5,3,0,0,0
img_0329.jpg,5,5,0,8,3,-5,5,3,-2,14,5,-9,2,5,3,2,1,-1,0,0,0,5,7,2,8,4,-4,5,2,-3,14,7,-7,2,4,2,2,2,0,0,0,0,5,6,1,8,4,-4,5,5,0,14,5,-9,2,6,4,2,4,2,0,0,0
img_0346.jpg,36,34,-2,7,9,2,9,8,-1,45,46,1,5,0,-5,2,1,-1,0,0,0,36,33,-3,7,13,6,9,12,3,45,42,-3,5,0,-5,2,3,1,0,0,0,36,31,-5,7,12,5,9,13,4,45,46,1,5,0,-5,2,3,1,0,0,0
img_0353.jpg,49,58,9,10,10,0,3,6,3,54,62,8,0,0,0,6,2,-4,0,0,0,49,49,0,10,16,6,3,4,1,54,62,8,0,0,0,6,7,1,0,0,0,49,59,10,10,7,-3,3,7,4,54,52,-2,0,0,0,6,2,-4,0,0,0
img_0354.jpg,40,50,10,7,5,-2,6,13,7,35,55,20,0,1,1,1,1,0,0,0,0,40,49,9,7,11,4,6,9,3,35,49,14,0,0,0,1,0,-1,0,0,0,40,50,10,7,4,-3,6,12,6,35,50,15,0,2,2,1,3,2,0,0,0
img_0362.jpg,26,29,3,16,11,-5,4,4,0,30,32,2,1,1,0,14,12,-2,0,0,0,26,27,1,16,21,5,4,4,0,30,29,-1,1,1,0,14,14,0,0,0,0,26,31,5,16,7,-9,4,3,-1,30,32,2,1,3,2,14,7,-7,0,0,0
img_0374.jpg,31,19,-12,7,2,-5,13,9,-4,31,23,-8,0,0,0,0,0,0,0,0,0,31,23,-8,7,2,-5,13,9,-4,31,24,-7,0,0,0,0,0,0,0,0,0,31,19,-12,7,1,-6,13,8,-5,31,23,-8,0,0,0,0,0,0,0,0,0
img_0384.jpg,30,33,3,6,7,1,10,8,-2,42,50,8,0,0,0,1,3,2,0,0,0,30,32,2,6,10,4,10,9,-1,42,44,2,0,0,0,1,2,1,0,1,1,30,38,8,6,6,0,10,5,-5,42,40,-2,0,4,4,1,2,1,0,0,0
img_0395.jpg,18,18,0,5,4,-1,5,5,0,13,14,1,2,2,0,3,1,-2,0,0,0,18,15,-3,5,6,1,5,6,1,13,17,4,2,2,0,3,1,-2,0,0,0,18,16,-2,5,4,-1,5,3,-2,13,14,1,2,0,-2,3,1,-2,0,0,0
img_0398.jpg,30,33,3,5,7,2,7,3,-4,35,41,6,9,6,-3,3,3,0,0,0,0,30,36,6,5,9,4,7,3,-4,35,43,8,9,5,-4,3,6,3,0,0,0,30,35,5,5,7,2,7,4,-3,35,42,7,9,3,-6,3,3,0,0,0,0
img_0461.jpg,0,2,2,0,0,0,0,0,0,0,0,0,5,5,0,1,1,0,4,6,2,0,1,1,0,0,0,0,0,0,0,0,0,5,7,2,1,1,0,4,4,0,0,1,1,0,1,1,0,0,0,0,4,4,5,0,-5,1,9,8,4,1,-3
img_0473.jpg,0,0,0,0,0,0,0,0,0,0,1,1,0,0,0,6,12,6,0,0,0,0,0,0,0,1,1,0,0,0,0,0,0,0,0,0,6,8,2,0,0,0,0,0,0,0,0,0,0,0,0,0,1,1,0,0,0,6,10,4,0,0,0
img_0486.jpg,0,0,0,0,0,0,0,0,0,0,0,0,0,0,0,27,28,1,0,0,0,0,0,0,0,0,0,0,0,0,0,0,0,0,0,0,27,29,2,0,0,0,0,0,0,0,0,0,0,0,0,0,0,0,0,0,0,27,33,6,0,0,0
img_0491.jpg,0,1,1,0,0,0,0,0,0,0,0,0,0,0,0,12,18,6,0,0,0,0,0,0,0,0,0,0,0,0,0,0,0,0,0,0,12,19,7,0,0,0,0,1,1,0,0,0,0,0,0,0,0,0,0,0,0,12,20,8,0,0,0
